fecha,hora,titulo,hanzi,lugar,detalle,tipo,comision,estado,areaEtiqueta,ciclo,cupos,imagen
2025-11-05,19:00,Fiberhome Technical Webinar: 50G PON y soluciones de redes ópticas,技,Formato online,Organizado con la empresa Fiberhome.,charla,xuexi,realizado,Ciencia y Tecnología,segundo-semestre,0,
2025-11-07,15:00,Taller de Cocina China: salteado de repollo con fideos de arroz y huevo,食,"Laboratorio de Técnicas Alimentarias, Campus San Joaquín UC","Impartido por Nathaly Jeria, Letras Inglesas UC. Nutrición y Dietética.",taller,wailian,realizado,Cultura y Lengua,segundo-semestre,20,cocina.jpg
2025-11-13,14:50,Taller de Caligrafía y Charla Budista,书,Templo Fo Guang Shan (佛光山),En colaboración con la Organización Budista Fo Guang Shan.,taller,wailian,realizado,Cultura y Lengua,segundo-semestre,0,templo.jpg
2025-11-19,13:30,Acercamiento a la Medicina China,医,"Sala TMPR04, Campus San Joaquín UC","Impartida por Junzi Lan, estudiante de Letras Hispánicas UC.",charla,wailian,realizado,Cultura y Lengua,segundo-semestre,0,
2025-11-20,10:00,"Taichi: la unidad del cuerpo, respiración y espíritu (太极三条)",太,Campus San Joaquín UC,"Impartido por el maestro Aznous Boisseranc, director de la escuela de Taichi Longhun Wudao y profesor del Instituto Confucio UC.",taller,wailian,realizado,Cultura y Lengua,segundo-semestre,0,
2025-11-26,11:00,Acercamiento a la Acupuntura,针,"Sala AL3 (Aulas Lassen), Campus San Joaquín UC","En colaboración con la comunidad InterActuando. Impartida por Alonso Vera, profesional de Medicina China y acupunturista. Incluyó demostración práctica. Entre 11:00 y 12:30 hrs.",charla,wailian,realizado,Cultura y Lengua,segundo-semestre,0,
2026-08-03,11:00,Karaoke chino 开麦吧!,麦,"Zona 2, Campus San Joaquín UC","Parte de Reencuentro UC. Organiza Xuexi Club UC, con El Viaje del Estudiante UC. Apoya Primavera UC. Inscripción previa por QR. De 11:00 a 13:00 hrs.",festival,wailian,lleno,Cultura y Lengua,segundo-semestre,0,reencuentro-karaoke.jpg
2026-08-03,12:30,Diplomacia de los pandas,熊,"Zona 2, Campus San Joaquín UC","Parte de Reencuentro UC. Organiza Xuexi Club UC, con El Viaje del Estudiante UC. Apoya Primavera UC. Inscripción previa por QR. De 12:30 a 14:00 hrs.",festival,wailian,abierto,RR.II. y Diplomacia,segundo-semestre,0,reencuentro-pandas.jpg
2026-08-03,11:00,Taller de Caligrafía China,笔,"Zona 2, Campus San Joaquín UC","Parte de Reencuentro UC. Organiza Xuexi Club UC, con El Viaje del Estudiante UC. Apoya Primavera UC. Inscripción previa por QR. De 11:00 a 13:10 hrs.",taller,wailian,lleno,Cultura y Lengua,segundo-semestre,0,reencuentro-caligrafia.jpg
